Region,Precipitation,
Antarctica,110,0.021317829
Australia,440,0.085271318
Asia,650,0.125968992
Africa,740,0.143410853
Europe,820,0.158914729
North America,800,0.15503876
South America,1600,0.310077519
